domain,total visit,bounce rate,pages per visit,avg visit duration
smokinguncoffee.com,2.7K,- -,- -,- -,2.7K,48.49%,- -,- -,- -
smoothroots.co,5.2K,4.98%,2.03,00:04:32,5.2K,5.17%,4.98%,2.03,00:04:32
sobarkinggood.com,796,- -,- -,- -,796,17.6%,- -,- -,- -
sobodyco.com,- -,- -,- -,- -
solawave.gr,-,-,-,-
soopapets.com,31.7K,53.38%,0.45,00:00:16,31.7K,13.77%,53.38%,0.45,00:00:16
soopapets.ie,10.1K,- -,0.08,00:00:19,10.1K,8.2%,- -,0.08,00:00:19
sourceminerals.co,- -,- -,- -,- -
sovereignsilver.com,35.8K,54.71%,1.23,00:02:40,35.8K,13.86%,54.71%,1.23,00:02:40
spaboxx.com,- -,- -,- -,- -
spinepack.com,1.8K,- -,- -,- -,1.8K,11.81%,- -,- -,- -
sportswholesalesupply.com,6.8K,35.1%,0.04,- -,6.8K,80.69%,35.1%,0.04,- -
sprayprotectgo.com,1.4K,- -,- -,- -,1.4K,55.8%,- -,- -,- -
sproutsupps.com,5.4K,26.8%,0.36,00:00:34,5.4K,9.74%,26.8%,0.36,00:00:34
spuddysandfriends.com,3.1K,- -,1.55,00:01:19,3.1K,29.59%,- -,1.55,00:01:19
staminawellness.com,2.3K,- -,- -,- -,2.3K,25.04%,- -,- -,- -
standstrongarch.com,11.1K,96.6%,0.17,00:00:09,11.1K,30.57%,96.6%,0.17,00:00:09
starsuperette.com,- -,- -,- -,- -
steadyfreddy.com,51.3K,51.59%,0.74,00:02:28,51.3K,55.67%,51.59%,0.74,00:02:28
stemfoods.com,21.4K,7.67%,2.11,00:04:00,21.4K,722.8%,7.67%,2.11,00:04:00
stoneandgrove.com,1.4K,- -,- -,- -,1.4K,79.87%,- -,- -,- -
strengthgardened.com,-,-,-,-
stresskicker.store,1.9K,- -,- -,- -,1.9K,39.32%,- -,- -,- -
strongformula.com,9.4K,12.43%,0.14,00:00:11,9.4K,12.77%,12.43%,0.14,00:00:11
stryvenutrition.com,- -,- -,- -,- -
stunnco.com,10.4K,9.21%,0.47,00:01:37,10.4K,26.39%,9.21%,0.47,00:01:37
substancenutrition.com,6.6K,47.41%,0.06,- -,6.6K,27.29%,47.41%,0.06,- -
superathletenutrition.com,- -,- -,- -,- -
supernaturals.eu,11.7K,65.73%,1.06,00:00:39,11.7K,15.12%,65.73%,1.06,00:00:39
supplocker.com,9.4K,- -,0.13,00:00:03,9.4K,6.39%,- -,0.13,00:00:03
sureganic.com,- -,- -,- -,- -
sustyfoods.com.au,4K,- -,- -,- -,4K,27.93%,- -,- -,- -
svnp.org,9.2K,83.15%,0.16,- -,9.2K,104%,83.15%,0.16,- -
sweatavenue.com,424,- -,- -,- -,424,62.31%,- -,- -,- -
swigandsport.com,6.8K,- -,- -,- -,6.8K,287.5%,- -,- -,- -
swissxisland.com,2.2K,- -,- -,- -,2.2K,59.52%,- -,- -,- -
taimi.love,18.1K,22.83%,0.56,00:03:34,18.1K,13.07%,22.83%,0.56,00:03:34
takeknocked.com,4.5K,47.76%,1.14,00:02:58,4.5K,11.29%,47.76%,1.14,00:02:58
takestasis.com,40.7K,35.39%,3.57,00:05:42,40.7K,87.71%,35.39%,3.57,00:05:42
takethesis.com,254K,39.89%,3.73,00:02:43,254K,23.86%,39.89%,3.73,00:02:43
takeuntamed.com,1.2K,- -,- -,- -,1.2K,9.06%,- -,- -,- -
taleii.com,5.4K,- -,- -,- -,5.4K,65.79%,- -,- -,- -
taprootmedicine.org,5.1K,- -,0.36,00:00:57,5.1K,28.26%,- -,0.36,00:00:57
taylor-edformulations.com,1.7K,- -,- -,- -,1.7K,20.42%,- -,- -,- -
tb12sports.com,90.2K,36.27%,3.93,00:01:50,90.2K,2.58%,36.27%,3.93,00:01:50
templev.com,-,-,-,-
terrahealthcoaching.com,2.4K,55.06%,0.15,- -,2.4K,25.97%,55.06%,0.15,- -
texascprlady.com,670,- -,- -,- -,670,70%,- -,- -,- -
tgidrw.top,-,-,-,-
thearsenalsupps.com,10.5K,- -,- -,- -,10.5K,4.4%,- -,- -,- -
theartbatch.com,497,- -,2.00,00:00:03,497,- -,2.00,00:00:03
thebearshop.life,19.6K,22.09%,3.71,00:24:54,19.6K,194.1%,22.09%,3.71,00:24:54
thebloodthatheals.com,2.1K,- -,- -,- -,2.1K,105.1%,- -,- -,- -
thebocobar.com,4.5K,- -,- -,- -,4.5K,132.5%,- -,- -,- -
thebrainlovehealth.com,3.6K,- -,- -,- -,3.6K,63.57%,- -,- -,- -
thecleansupps.co.uk,2.2K,- -,- -,- -,2.2K,934.9%,- -,- -,- -
thecleansupps.com,2K,- -,- -,- -,2K,50.7%,- -,- -,- -
thedentalcards.com,5.5K,- -,- -,- -,5.5K,9.51%,- -,- -,- -
thefeelgoodlab.com,21.6K,65.51%,0.99,00:00:56,21.6K,46.98%,65.51%,0.99,00:00:56
thegummykid.com,3.8K,- -,- -,- -,3.8K,146.4%,- -,- -,- -
thehappyhowl.com,13.2K,17.72%,0.26,00:00:27,13.2K,101.5%,17.72%,0.26,00:00:27
thehealthiermotion.com,-,-,-,-
thehealthlounge-msw.com,-,-,-,-
theholisticproject.shop,-,-,-,-
thekokoroway.com,4K,- -,- -,- -,4K,32.07%,- -,- -,- -
themendico.com,22K,26.93%,2.82,00:00:35,22K,9.67%,26.93%,2.82,00:00:35
thementalbar.com,2.8K,42.07%,0.39,00:00:28,2.8K,49.12%,42.07%,0.39,00:00:28
theobccollective.com,- -,- -,- -,- -
thepapstore.com,11.5K,37.74%,0.18,00:00:03,11.5K,28.49%,37.74%,0.18,00:00:03
thepredators.com,9.8K,49.66%,0.04,- -,9.8K,104.1%,49.66%,0.04,- -
theselflovelab.co.uk,9.2K,38.69%,0.02,- -,9.2K,35.3%,38.69%,0.02,- -
thesleepmovement.com.au,- -,- -,- -,- -
thesleepteacher.com.au,16.5K,54.98%,0.03,- -,16.5K,0.71%,54.98%,0.03,- -
thesynergycompany.com,97.7K,52.56%,4.50,00:04:08,97.7K,39.24%,52.56%,4.50,00:04:08
theultimatefitnessclub.com,-,-,-,-
theurbanfolklore.com,1.6K,- -,- -,- -,1.6K,16.34%,- -,- -,- -
thewholesomeco.com,19.6K,- -,0.12,00:00:01,19.6K,116.9%,- -,0.12,00:00:01
theworkoutwitch.com,50.8K,50.24%,2.12,00:00:54,50.8K,20.3%,50.24%,2.12,00:00:54
theyoungplus.com,1.4K,- -,- -,- -,1.4K,46.08%,- -,- -,- -
thezeroprooflife.com,4.3K,- -,- -,- -,4.3K,30.36%,- -,- -,- -
thinkparable.com,8K,31.03%,0.44,00:00:08,8K,264.8%,31.03%,0.44,00:00:08
thirdzy.ca,1K,- -,2.19,00:00:17,1K,33.75%,- -,2.19,00:00:17
thirdzy.com,15.9K,14.85%,0.74,00:02:49,15.9K,18.47%,14.85%,0.74,00:02:49
thorosupplements.com,- -,- -,- -,- -
titannutrition.net,19.5K,99.31%,0.11,- -,19.5K,6.34%,99.31%,0.11,- -
toadstoollabs.com,12.2K,100%,0.27,- -,12.2K,51%,100%,0.27,- -
tobieoralpetcare.com,2.8K,- -,- -,- -,2.8K,1.24%,- -,- -,- -
tomaskintherapy.com,- -,- -,- -,- -
tonificaresupps.com,2.8K,- -,- -,- -,2.8K,164%,- -,- -,- -
topluxsupplement.com,2.1K,100%,0.90,- -,2.1K,7.94%,100%,0.90,- -
topluxsupplements.com,-,-,-,-
totalhealthapothecary.com,979,- -,- -,- -,979,75.13%,- -,- -,- -
transformhq.com,-,-,-,-
treats-rx.com,- -,- -,- -,- -
trimandtone.us,10K,43.95%,0.02,- -,10K,0.89%,43.95%,0.02,- -
trimbella.com,4K,- -,- -,- -,4K,68.06%,- -,- -,- -
triumphdailymd.com,942,- -,- -,- -,942,59.03%,- -,- -,- -
trudog.com,28.7K,54.8%,0.60,00:27:49,28.7K,28.93%,54.8%,0.60,00:27:49
trueocity.com,4.7K,- -,- -,- -,4.7K,27.69%,- -,- -,- -
trueprotocols.com,9.2K,- -,- -,- -,9.2K,26.41%,- -,- -,- -
truevits.uk,1.4K,- -,- -,- -,1.4K,561.3%,- -,- -,- -
trufitbymichael.com.au,39.9K,22.65%,0.06,00:00:25,39.9K,42.19%,22.65%,0.06,00:00:25
trybeezybeez.com,5.3K,53.29%,2.36,00:00:47,5.3K,51.66%,53.29%,2.36,00:00:47
trybeezyhoney.com,1K,- -,- -,- -,1K,5.56%,- -,- -,- -
tryhumanx.com,-,-,-,-
tryhushed.com,2.7K,- -,- -,- -,2.7K,19.43%,- -,- -,- -
trynunc.com,- -,- -,- -,- -
trypurgenx.com,- -,- -,- -,- -
twocranes.co,4.2K,- -,- -,- -,4.2K,28.53%,- -,- -,- -
type2testing.com,2.1K,- -,0.21,00:00:02,2.1K,48.39%,- -,0.21,00:00:02
ultimategumsolution.com,1.1K,- -,- -,- -,1.1K,13.69%,- -,- -,- -
ultimatephitness.com,7.2K,- -,0.33,- -,7.2K,20.87%,- -,0.33,- -
unalteredathletics.com,23.5K,80.83%,0.39,00:01:54,23.5K,1.78%,80.83%,0.39,00:01:54
undoo.com,3.3K,49.68%,0.29,- -,3.3K,17.25%,49.68%,0.29,- -
up4products.com,11.6K,18.4%,0.10,00:00:08,11.6K,1.73%,18.4%,0.10,00:00:08
urban-herbs.co.uk,29K,82.11%,0.22,00:01:25,29K,42.46%,82.11%,0.22,00:01:25
valkyrie-rpg.co.uk,19.6K,55.16%,0.10,00:00:07,19.6K,3.94%,55.16%,0.10,00:00:07
vavisionvitamins.com,1.4K,- -,- -,- -,1.4K,37.39%,- -,- -,- -
vet-recommended.com,11.5K,100%,0.10,- -,11.5K,37.31%,100%,0.10,- -
vetrinexlabs.com,1.9K,12.59%,0.91,00:04:17,1.9K,68.37%,12.59%,0.91,00:04:17
vgrrr.com,-,-,-,-
viciwellness.com,10.9K,51.4%,0.13,- -,10.9K,20.83%,51.4%,0.13,- -
virtualcarestore.com,8.8K,49.38%,0.06,- -,8.8K,19.62%,49.38%,0.06,- -
vitalitynutrition.com,25.2K,39.16%,0.60,00:00:26,25.2K,5.12%,39.16%,0.60,00:00:26
vitasciences.com,10.2K,55.83%,0.78,00:01:02,10.2K,38.24%,55.83%,0.78,00:01:02
vitoscrew.ca,5.7K,39.86%,0.04,- -,5.7K,44.27%,39.86%,0.04,- -
vmisports.com,17.6K,70.06%,0.92,00:02:24,17.6K,5.12%,70.06%,0.92,00:02:24
vvsnutrition.com,-,-,-,-
warriorlifecode.com,1.1K,- -,- -,- -,1.1K,13.48%,- -,- -,- -
warriorzfitness.com,8.6K,- -,- -,- -,8.6K,103.9%,- -,- -,- -
waveofmind.com,3K,- -,- -,- -,3K,2.31%,- -,- -,- -
wconlinewellness.com,- -,- -,- -,- -
wearebaben.com,- -,- -,- -,- -
wearejetson.com,- -,- -,- -,- -
weightdrip.com,2.4K,- -,- -,- -,2.4K,382.1%,- -,- -,- -
wejoyhealth.com,2.6K,95.16%,1.05,- -,2.6K,76.05%,95.16%,1.05,- -
welcomehohm.com,9.4K,58.02%,0.15,00:00:04,9.4K,2.54%,58.02%,0.15,00:00:04
weliveabalancedlife.com,2.6K,- -,- -,- -,2.6K,497.9%,- -,- -,- -
wellness-pro.com,8.3K,73.37%,0.11,00:00:04,8.3K,26.87%,73.37%,0.11,00:00:04
welmedix.com,2.2K,- -,- -,- -,2.2K,360.4%,- -,- -,- -
werunkings.com,3.9K,- -,- -,- -,3.9K,203.5%,- -,- -,- -
whitneyjohns.com,27.9K,87.01%,0.21,- -,27.9K,50.31%,87.01%,0.21,- -
wholesomehound.com,4.7K,- -,- -,- -,4.7K,320.1%,- -,- -,- -
wildflowerglitterco.com,10.6K,27.92%,1.08,00:00:55,10.6K,43.14%,27.92%,1.08,00:00:55
wildorganicsupplements.com,20.7K,40.28%,0.86,00:02:11,20.7K,2.73%,40.28%,0.86,00:02:11
williamsfalade.com,2.5K,- -,- -,- -,2.5K,3.53%,- -,- -,- -
wisdompowder.com,-,-,-,-
wizroyal.com,1.1K,- -,- -,- -,1.1K,43.36%,- -,- -,- -
wlanz.com,-,-,-,-
wlsanz.com,-,-,-,-
wrapango.com,124.4K,47.78%,1.90,00:02:29,124.4K,16.06%,47.78%,1.90,00:02:29
wreas.de,1.3K,49.24%,0.59,00:01:34,1.3K,44.55%,49.24%,0.59,00:01:34
xlabssupps.com,1.5K,- -,- -,- -,1.5K,1143%,- -,- -,- -
xtremepharmacy.co.uk,21K,49.3%,0.05,- -,21K,7.33%,49.3%,0.05,- -
yosemitesupplements.com,-,-,-,-
youcanpym.com,66.1K,64.93%,1.17,00:02:47,66.1K,4.29%,64.93%,1.17,00:02:47
youneedtherhappy.com,3.9K,- -,- -,- -,3.9K,124.8%,- -,- -,- -
zananutrition.com,2.7K,- -,0.62,00:02:53,2.7K,34.91%,- -,0.62,00:02:53
zenknee.com,- -,- -,- -,- -
zenofsleep.com,6.5K,66.66%,1.28,00:00:51,6.5K,9.53%,66.66%,1.28,00:00:51
adienhearing.com,-,-,-,-
aeonicorganics.com,1.1K,- -,- -,- -,1.1K,42.21%,- -,- -,- -
canopusgroup.us,12.9K,24.92%,0.03,00:00:55,12.9K,21.85%,24.92%,0.03,00:00:55
daely-nutrition.com,- -,- -,- -,- -
daleckistrengthgymnastics.com,3.1K,- -,- -,- -,3.1K,38.74%,- -,- -,- -
dao-drops.com,- -,- -,- -,- -
daodrop.com,-,-,-,-
darkwhiteheals.shop,-,-,-,-
densmoredirect.com,8.6K,79.88%,0.17,00:00:05,8.6K,20.94%,79.88%,0.17,00:00:05
dentaright.com,1.7K,- -,- -,- -,1.7K,12.58%,- -,- -,- -
ineedfitfuel.com,-,-,-,-
innergr8ness.com,1.6K,- -,- -,- -,1.6K,164.6%,- -,- -,- -
insentialsbydijano.com,883,- -,- -,- -,883,232%,- -,- -,- -
insideoutgoodness.com,1.2K,- -,- -,- -,1.2K,6.14%,- -,- -,- -
inspiresupps.gg,-,-,-,-
dawdrops.com,-,-,-,-
day0.jp,535,- -,- -,- -,535,72.58%,- -,- -,- -
dr-sahin.com,3.6K,63.05%,0.52,00:00:01,3.6K,30.19%,63.05%,0.52,00:00:01
dukesshakeclub.com.au,- -,- -,- -,- -
dylanroque.com,5K,91.54%,1.59,00:00:05,5K,7.11%,91.54%,1.59,00:00:05
avalonhealthclub.com,2.1K,- -,0.51,00:00:28,2.1K,45.05%,- -,0.51,00:00:28
avalonnutrition.co,424,- -,- -,- -,424,73.06%,- -,- -,- -
avincia.com.au,4.9K,- -,- -,- -,4.9K,3.24%,- -,- -,- -
awakenyourbrilliance.com,1.9K,- -,- -,- -,1.9K,53.82%,- -,- -,- -
awakenyourknowing.com,414,- -,- -,- -,414,54.56%,- -,- -,- -
awdealchemy.com,4K,- -,- -,- -,4K,37.6%,- -,- -,- -
ayuro.de,2.3K,- -,- -,- -,2.3K,0.74%,- -,- -,- -
ayuro.eu,435,- -,- -,- -,435,33.59%,- -,- -,- -
benedlife.com,33.7K,55.83%,1.16,00:01:33,33.7K,17.25%,55.83%,1.16,00:01:33
benova.net,2K,43.2%,0.15,- -,2K,20.13%,43.2%,0.15,- -
berad.co.uk,16.7K,28.93%,0.07,00:00:20,16.7K,5.18%,28.93%,0.07,00:00:20
beretia.com,3.3K,43.5%,0.08,- -,3.3K,56.9%,43.5%,0.08,- -
berserkertac.com,1.6K,- -,- -,- -,1.6K,51.7%,- -,- -,- -
beselfishnow.com,2.9K,- -,- -,- -,2.9K,186.3%,- -,- -,- -
best-price.uk,-,-,-,-
besttoday.co,11.4K,- -,0.13,00:00:33,11.4K,10.59%,- -,0.13,00:00:33
seamossdrinkmix.com,3.8K,29.28%,0.06,- -,3.8K,13.79%,29.28%,0.06,- -
selinavisbech.com,1.4K,- -,- -,- -,1.4K,92.7%,- -,- -,- -
havofcopenhagen.de,1.3K,- -,- -,- -,1.3K,181.9%,- -,- -,- -
get-it-all.shop,1.9K,- -,- -,- -,1.9K,9.94%,- -,- -,- -
getcheeky.co.uk,2.3K,29.07%,0.90,00:03:20,2.3K,19.36%,29.07%,0.90,00:03:20
getcheeky.uk,- -,- -,- -,- -
getevo.net,13.4K,45.63%,1.10,00:02:13,13.4K,60.94%,45.63%,1.10,00:02:13
getflow.shop,9.4K,40.44%,1.40,00:01:00,9.4K,25.46%,40.44%,1.40,00:01:00
gethellohealth.com,12.3K,80.23%,0.15,00:00:12,12.3K,0.97%,80.23%,0.15,00:00:12
getkrush.com,5.1K,31.7%,0.30,00:01:37,5.1K,45.22%,31.7%,0.30,00:01:37
getoptimumdetox.com,-,-,-,-
getsleepgene.com,-,-,-,-
gettony.dk,- -,- -,- -,- -
ghoulish-goods.com,-,-,-,-
bestpricedsupplements.com,- -,- -,- -,- -
betanics.de,826,85.08%,0.55,- -,826,56.57%,85.08%,0.55,- -
betrlabs.com,- -,- -,- -,- -
betterbiome.com,4.2K,100%,1.00,- -,4.2K,85.86%,100%,1.00,- -
epicorganicdetox.com,1.1K,- -,4.21,00:01:54,1.1K,69.35%,- -,4.21,00:01:54
epnutritionstore.com,-,-,-,-
bloodpressure120.com,- -,- -,- -,- -
bloomio.co.uk,334,- -,- -,- -,334,169.4%,- -,- -,- -
bodybysocab.com,3.1K,11.97%,0.85,00:03:56,3.1K,11.97%,0.85,00:03:56
bodygoldhealth.com,2.4K,20.68%,2.29,00:04:08,2.4K,26.06%,20.68%,2.29,00:04:08
bodykitchen.com,28.3K,71.12%,0.48,00:02:00,28.3K,32.96%,71.12%,0.48,00:02:00
bohemebotanicals.ca,- -,- -,- -,- -
boldandfierce.style,2.1K,- -,0.77,00:05:36,2.1K,113.5%,- -,0.77,00:05:36
bonvielabs.com,3.8K,- -,- -,- -,3.8K,193.1%,- -,- -,- -
boobiebakery.com,6K,- -,1.42,00:01:07,6K,11.56%,- -,1.42,00:01:07
bootyworkshop.com,683,- -,- -,- -,683,- -,- -,- -
houseofwisdom.me,2.3K,- -,- -,- -,2.3K,54.7%,- -,- -,- -
essentialsportsnutrition.com,8.2K,25.77%,0.39,00:02:55,8.2K,44.17%,25.77%,0.39,00:02:55
essentialsupplementslab.com,- -,- -,- -,- -
essentialsuppslab.co.uk,-,-,-,-
essenzoel.at,4.3K,52.35%,0.13,- -,4.3K,31.03%,52.35%,0.13,- -
esteemsproducts.com,-,-,-,-
etanics.com,9K,34.7%,0.02,- -,9K,71.52%,34.7%,0.02,- -
botanicblvd.com.au,2K,54.94%,0.19,- -,2K,5.72%,54.94%,0.19,- -
boucheoralcare.com,5.5K,- -,- -,- -,5.5K,4.6%,- -,- -,- -
simplycollagen.com,- -,- -,- -,- -
simplynootropics.com.au,15.3K,26.11%,0.05,00:00:16,15.3K,16.72%,26.11%,0.05,00:00:16
simris-development.com,2.7K,- -,- -,- -,2.7K,82.74%,- -,- -,- -
grizzlynaturals.com,8.7K,33.37%,0.94,00:04:41,8.7K,0.31%,33.37%,0.94,00:04:41
etrehealth.com,12.2K,40.26%,0.05,- -,12.2K,39.75%,40.26%,0.05,- -
everjump.ch,2.3K,19.14%,0.40,00:00:10,2.3K,234.9%,19.14%,0.40,00:00:10
everjump.fr,8.8K,47.36%,2.25,00:02:24,8.8K,34.62%,47.36%,2.25,00:02:24
everydaehealth.com,4.7K,- -,- -,- -,4.7K,175.4%,- -,- -,- -
brewnice.com,-,-,-,-
sleepalpha.shop,- -,- -,- -,- -
slimbodyperfections.com,423,- -,- -,- -,423,76.96%,- -,- -,- -
hundpur.com,24.5K,60.61%,2.51,00:06:25,24.5K,226.2%,60.61%,2.51,00:06:25
l1vin.my,1.6K,65.01%,1.47,00:00:27,1.6K,70.1%,65.01%,1.47,00:00:27
labo-oxysud.com,313,- -,- -,- -,313,72.99%,- -,- -,- -
lactovital.ch,2.4K,- -,- -,- -,2.4K,23.11%,- -,- -,- -
everyonemustuse.com,5.9K,- -,- -,- -,5.9K,30.31%,- -,- -,- -
evolvere.co,23K,68.5%,1.25,00:00:22,23K,160.3%,68.5%,1.25,00:00:22
evolveresupplements.com,3.5K,- -,- -,- -,3.5K,56.78%,- -,- -,- -
azoproducts.com,268.8K,61.82%,1.75,00:00:45,268.8K,4.54%,61.82%,1.75,00:00:45
nadz.org,- -,- -,- -,- -
f8wellstore.com,2.9K,- -,0.55,00:00:29,2.9K,1.07%,- -,0.55,00:00:29
fandfnutrition.com,17.8K,- -,- -,- -,17.8K,140.1%,- -,- -,- -
absolutesuppsmd.com,4.8K,- -,0.42,00:01:40,4.8K,54.94%,- -,0.42,00:01:40
3lit3.com,3.2K,83.32%,3.10,00:00:59,3.2K,19.98%,83.32%,3.10,00:00:59
idetoxstore.com,436,- -,- -,- -,436,24.04%,- -,- -,- -
ifastfitnow.com,9.3K,- -,0.19,00:00:22,9.3K,44.16%,- -,0.19,00:00:22
iilhi.us,-,-,-,-
imaneharmonie.com,12.1K,63.02%,1.13,00:00:42,12.1K,87.44%,63.02%,1.13,00:00:42
imblyssful.com,2.3K,- -,- -,- -,2.3K,64.18%,- -,- -,- -
imclosertogod.com,5K,39.96%,0.07,- -,5K,14.09%,39.96%,0.07,- -
inalabs.com,29.9K,15.39%,0.03,00:00:19,29.9K,101%,15.39%,0.03,00:00:19
achieveandco.com,-,-,-,-
activeoutdoormen.com,-,-,-,-
goexec.com,9.9K,- -,0.38,00:02:27,9.9K,34.98%,- -,0.38,00:02:27
edgenutrition.net,4.8K,- -,- -,- -,4.8K,116.7%,- -,- -,- -
edmashop.com,4.2K,- -,- -,- -,4.2K,136.4%,- -,- -,- -
eea.club,2.2K,- -,- -,- -,2.2K,9.97%,- -,- -,- -
elevatebotanica.com,6.6K,60.21%,0.04,- -,6.6K,52.64%,60.21%,0.04,- -
elevatesupps.com,3.7K,- -,0.41,00:00:12,3.7K,8.04%,- -,0.41,00:00:12
biogena-plus.com,- -,- -,- -,- -
biogoldnz.com,17.5K,27.81%,0.37,00:01:05,17.5K,66.61%,27.81%,0.37,00:01:05
biolete.com,703,- -,- -,- -,703,73.77%,- -,- -,- -
biolifenutrition.co.uk,10.9K,53.87%,0.58,00:03:28,10.9K,45.2%,53.87%,0.58,00:03:28
bionicbest.de,8.2K,76.23%,0.53,00:00:13,8.2K,35.01%,76.23%,0.53,00:00:13
biostripshealth.com,3K,- -,- -,- -,3K,455.5%,- -,- -,- -
biotanicals.de,2.6K,30.98%,0.97,00:01:26,2.6K,67.67%,30.98%,0.97,00:01:26
birthright.co,1.4K,- -,- -,- -,1.4K,462%,- -,- -,- -
headachesaver.com,-,-,-,-
healthybonesco.com,6.9K,100%,0.77,- -,6.9K,690.3%,100%,0.77,- -
hellostickys.com,22.2K,12.4%,2.74,00:11:12,22.2K,127.3%,12.4%,2.74,00:11:12
hellywhite.es,5.3K,- -,- -,- -,5.3K,1.02%,- -,- -,- -
hemhealer.com,4.2K,20.79%,5.32,00:10:20,4.2K,24.78%,20.79%,5.32,00:10:20
hempsense.com,-,-,-,-
herbafuel.com,1.6K,- -,- -,- -,1.6K,34.29%,- -,- -,- -
herbeschouettes.com,2K,- -,- -,- -,2K,61.75%,- -,- -,- -
heritagebiltong.com,5.2K,- -,- -,- -,5.2K,5.58%,- -,- -,- -
heronutrition.co.uk,- -,- -,- -,- -
herown.com,43K,67.92%,0.75,00:00:51,43K,307.4%,67.92%,0.75,00:00:51
hey30s.com,3.6K,- -,- -,- -,3.6K,64.45%,- -,- -,- -
heyzooma.com,-,-,-,-
edenboost.com,14.2K,66.13%,1.23,00:00:53,14.2K,52.19%,66.13%,1.23,00:00:53
edensguthealth.com,20.9K,29.66%,0.71,00:01:52,20.9K,24.78%,29.66%,0.71,00:01:52
bigposeusa.com,4.4K,- -,- -,- -,4.4K,364.1%,- -,- -,- -
biosolorganics.com,2.5K,- -,0.33,00:00:58,2.5K,25.56%,- -,0.33,00:00:58
biostacklabs.com,7.4K,45.48%,0.26,- -,7.4K,47.21%,45.48%,0.26,- -
shop-ko.com,- -,- -,- -,- -
shopdrmorris.com,6.2K,- -,- -,- -,6.2K,4.61%,- -,- -,- -
good-habit.co,12K,9.26%,0.21,00:01:13,12K,27.86%,9.26%,0.21,00:01:13
goodgutsups.com,-,-,-,-
goodlifenutra.com,1.3K,- -,- -,- -,1.3K,7.82%,- -,- -,- -
goodlifeproteins.com,13.4K,- -,- -,- -,13.4K,38.41%,- -,- -,- -
goodlivingonly.com,304,33.22%,2.39,00:01:05,304,5.92%,33.22%,2.39,00:01:05
endorf.co,3.4K,- -,0.10,00:00:03,3.4K,24.22%,- -,0.10,00:00:03
blisprobiotics.co.nz,17.6K,61.07%,0.39,00:01:19,17.6K,0.47%,61.07%,0.39,00:01:19
shopraden.com,4.1K,- -,- -,- -,4.1K,0.83%,- -,- -,- -
hieroglyphfitness.com,3.4K,- -,- -,- -,3.4K,6.8%,- -,- -,- -
dazzlimpieza.cl,450,- -,- -,- -,450,23.08%,- -,- -,- -
agemate.com,93.4K,31.24%,4.60,00:07:21,93.4K,16.72%,31.24%,4.60,00:07:21
agnilifestyle.com,3.1K,- -,- -,- -,3.1K,3.29%,- -,- -,- -
jennahorganic.com,5.9K,44.7%,0.12,- -,5.9K,7.87%,44.7%,0.12,- -
jiujitsujava.com,1.4K,- -,- -,- -,1.4K,15.62%,- -,- -,- -
jkdfglobal.com,2.7K,- -,0.12,00:01:42,2.7K,1464%,- -,0.12,00:01:42
dermeleve.com,59.8K,63.13%,1.08,00:00:53,59.8K,32.58%,63.13%,1.08,00:00:53
airpophealth.co.uk,7.4K,74.62%,0.46,00:00:56,7.4K,26.58%,74.62%,0.46,00:00:56
akarali.co.uk,19.7K,- -,0.04,00:00:12,19.7K,200.1%,- -,0.04,00:00:12
alafianaturals.com,7.1K,- -,- -,- -,7.1K,95.45%,- -,- -,- -
alayanatural.com,172,- -,- -,- -,172,79.69%,- -,- -,- -
alayanaturals.us,- -,- -,- -,- -
istrive4more.com,2.4K,53.22%,0.13,- -,2.4K,138.5%,53.22%,0.13,- -
itsbrooklyngold.com,2.2K,- -,- -,- -,2.2K,376.5%,- -,- -,- -
itsrythm.com,25.2K,44.05%,0.53,00:00:19,25.2K,36.42%,44.05%,0.53,00:00:19
ivypro.co,-,-,-,-
jackalopeseeds.com,7.7K,- -,- -,- -,7.7K,10.35%,- -,- -,- -
jackedculture.com,3.5K,- -,- -,- -,3.5K,104.7%,- -,- -,- -
jallabinashop.com,1.4K,- -,- -,- -,1.4K,36.45%,- -,- -,- -
dezshop.de,708,- -,1.14,00:00:15,708,106.4%,- -,1.14,00:00:15
directasset.net,- -,- -,- -,- -
dirtygirldetox.com,3.6K,41.46%,2.00,00:00:37,3.6K,6.77%,41.46%,2.00,00:00:37
discovergreeley.com,- -,- -,- -,- -
fatburner.coffee,2.3K,- -,- -,- -,2.3K,15.96%,- -,- -,- -
fitbirdiegolf.com,6K,- -,- -,- -,6K,341.5%,- -,- -,- -
fitgo.no,2.5K,58.02%,0.14,- -,2.5K,21.19%,58.02%,0.14,- -
fitnessbytoor.com,988,- -,- -,- -,988,254.1%,- -,- -,- -
fitprocoaching.com,424,- -,- -,- -,424,- -,- -,- -
fitricion.com,1.5K,- -,- -,- -,1.5K,- -,- -,- -
fivehemp.org,75.2K,40.15%,3.43,00:03:05,75.2K,76.66%,40.15%,3.43,00:03:05
flbbydaylenrose.com,-,-,-,-
alebsa.com,509,- -,- -,- -,509,4.68%,- -,- -,- -
alglory.be,2.4K,- -,- -,- -,2.4K,34.73%,- -,- -,- -
diggsfitness.com,-,-,-,-
dioxy-me.com,-,-,-,-
fightersupplements.com,6.8K,- -,- -,- -,6.8K,13.63%,- -,- -,- -
firstenergygum.be,1.7K,- -,- -,- -,1.7K,40.81%,- -,- -,- -
firstenergygum.co.uk,-,-,-,-
firstenergygum.fr,-,-,-,-
fitbiomics.com,27.4K,83.34%,0.51,00:01:25,27.4K,16.21%,83.34%,0.51,00:01:25
fitenhanced.com,-,-,-,-
fitlovefuel.com,- -,- -,- -,- -
fitlyzen.com,8.6K,21.59%,0.36,00:00:29,8.6K,33.96%,21.59%,0.36,00:00:29
fitnesswithgolden.es,682,27.36%,1.35,00:00:11,682,45.7%,27.36%,1.35,00:00:11
fitribe.com.au,894,- -,- -,- -,894,4.28%,- -,- -,- -
flossim.com,601,- -,- -,- -,601,- -,- -,- -
flow-nutrition.eu,6.3K,23.06%,5.21,00:01:01,6.3K,11.6%,23.06%,5.21,00:01:01
anamarialifecoach.com,1.5K,- -,- -,- -,1.5K,- -,- -,- -
anchorintuitive.com,-,-,-,-
anibiome.ai,38.3K,38.8%,0.30,00:03:02,38.3K,143.7%,38.8%,0.30,00:03:02
4everherbs.net,1.2K,- -,- -,- -,1.2K,21.35%,- -,- -,- -
b12life.com,- -,- -,- -,- -
babyrx.com,5.2K,55.4%,0.12,- -,5.2K,33.72%,55.4%,0.12,- -
back2sleep.eu,25.6K,55.93%,4.89,00:03:38,25.6K,20.22%,55.93%,4.89,00:03:38
badasscassfit.com,-,-,-,-
safesupps.co.uk,17K,- -,- -,- -,17K,608.6%,- -,- -,- -
sageherbalapothecary.com,1.8K,- -,- -,- -,1.8K,24%,- -,- -,- -
formulaforhealth.com,3.3K,- -,0.22,00:00:08,3.3K,39.22%,- -,0.22,00:00:08
fourflowersapothecary.com,3.8K,- -,- -,- -,3.8K,135.4%,- -,- -,- -
freeburgtotalfitness.com,1.6K,- -,- -,- -,1.6K,29.46%,- -,- -,- -
ameerbcoaching.com,-,-,-,-
americanmedicalmattress.com,2.9K,- -,- -,- -,2.9K,271%,- -,- -,- -
amg.health,-,-,-,-
amma360.com,3.1K,8.47%,0.29,00:00:06,3.1K,45.42%,8.47%,0.29,00:00:06
amodernalchemy.com,814,- -,- -,- -,814,51.81%,- -,- -,- -
amofitpr.com,244,- -,- -,- -,244,84.01%,- -,- -,- -
amommawhocares.com,2.6K,- -,- -,- -,2.6K,- -,- -,- -
2before.co.nz,10.2K,90.87%,0.18,00:00:02,10.2K,21.39%,90.87%,0.18,00:00:02
jupiterlabs.store,5.9K,76.62%,0.93,00:01:08,5.9K,28.61%,76.62%,0.93,00:01:08
justmanna.co,-,-,-,-
justripenutrition.com,1.6K,85.65%,1.30,00:05:35,1.6K,53.83%,85.65%,1.30,00:05:35
dowdrops.com,-,-,-,-
downrangesupplements.com,7.5K,31.54%,0.18,00:00:43,7.5K,12.84%,31.54%,0.18,00:00:43
drinkerba.com,3.3K,14.1%,0.63,00:03:47,3.3K,36.65%,14.1%,0.63,00:03:47
driveforce.golf,2.6K,- -,14.67,00:06:04,2.6K,11.25%,- -,14.67,00:06:04
animlwellness.com,- -,- -,- -,- -
apexhealthlabs.com,1.6K,- -,- -,- -,1.6K,- -,- -,- -
apexneticsdiatery.com,-,-,-,-
apexnextevolution.com,3.5K,- -,0.22,00:00:04,3.5K,41.77%,- -,0.22,00:00:04
apothecarynutrition.com,1.5K,- -,- -,- -,1.5K,- -,- -,- -
apotheke-zaversky.at,7.3K,43.37%,1.92,00:03:13,7.3K,79.85%,43.37%,1.92,00:03:13
appadrenaline.com,-,-,-,-
appliedsciencesupps.com,-,-,-,-
barbellsliftingclub.com,2.7K,- -,- -,- -,2.7K,85.97%,- -,- -,- -
bareayr.co.za,4.8K,- -,- -,- -,4.8K,1588%,- -,- -,- -
basecampyoga.co.nz,14.2K,18.16%,0.10,00:03:16,14.2K,37.37%,18.16%,0.10,00:03:16
basedsupplements.co,42.1K,35.36%,4.73,00:02:25,42.1K,54.07%,35.36%,4.73,00:02:25
baselaboratories.com,15.2K,64.72%,0.37,00:00:06,15.2K,147.2%,64.72%,0.37,00:00:06
battleaxegym.com,4K,- -,- -,- -,4K,25.32%,- -,- -,- -
dragonssupplements.com,1.6K,- -,- -,- -,1.6K,40.69%,- -,- -,- -
drbetterlife.com,- -,- -,- -,- -
focusbox.shop,3.1K,- -,- -,- -,3.1K,8.36%,- -,- -,- -
follownaturalfitness.com,-,-,-,-
alkalist.co,3.4K,- -,- -,- -,3.4K,71.96%,- -,- -,- -
allhealthlabs.org,5.3K,9.56%,0.48,00:01:46,5.3K,92.75%,9.56%,0.48,00:01:46
allwellallergy.com,-,-,-,-
ally.bio,1.7K,33.88%,0.53,- -,1.7K,228.9%,33.88%,0.53,- -
amaiwoman.com.br,42.7K,94.71%,1.24,00:00:22,42.7K,2.64%,94.71%,1.24,00:00:22
108lifestyle.com,- -,- -,- -,- -
11humans.lv,- -,- -,- -,- -
1800seamoss.com,- -,- -,- -,- -
1om1.net,2.6K,- -,- -,- -,2.6K,27.51%,- -,- -,- -
oxygenplus.com,32.4K,60.16%,0.34,00:00:36,32.4K,25.86%,60.16%,0.34,00:00:36
jollymama.com,65K,65.16%,1.84,00:04:06,65K,49.94%,65.16%,1.84,00:04:06
juiceeys.com,1.8K,- -,- -,- -,1.8K,554.8%,- -,- -,- -
discountchemist.nz,22.4K,57.62%,0.43,00:06:30,22.4K,38.7%,57.62%,0.43,00:06:30
distinctsupplements.com,1.9K,- -,- -,- -,1.9K,575.8%,- -,- -,- -
allosupplements.com,8.7K,61.37%,0.12,- -,8.7K,71.1%,61.37%,0.12,- -
alphawellness.shop,637,- -,- -,- -,637,19.96%,- -,- -,- -
balancedbetter.net,-,-,-,-
dmorganic.com,4.5K,18.95%,0.20,00:00:24,4.5K,140.3%,18.95%,0.20,00:00:24
doctorbetterlife.co,-,-,-,-
doctorfrost-shop.de,1.2K,65.82%,0.20,- -,1.2K,218.2%,65.82%,0.20,- -
dolceessentials.com,1.5K,87.86%,0.40,- -,1.5K,0.4%,87.86%,0.40,- -
perform-plus.de,4.8K,94.7%,0.58,00:00:05,4.8K,17.22%,94.7%,0.58,00:00:05
personalizednx.com,2.9K,- -,- -,- -,2.9K,10.1%,- -,- -,- -
byby.today,7.6K,100%,0.14,- -,7.6K,60.06%,100%,0.14,- -
byearthly.co.uk,6.6K,- -,- -,- -,6.6K,23.98%,- -,- -,- -
caer.dk,-,-,-,-
matebrush.at,5.8K,26.24%,0.35,00:00:26,5.8K,17.25%,26.24%,0.35,00:00:26
matebrush.ch,11.4K,11.51%,0.07,00:01:10,11.4K,56.39%,11.51%,0.07,00:01:10
matebrush.com,5.6K,- -,- -,- -,5.6K,80.82%,- -,- -,- -
matebrush.fr,654,- -,- -,- -,654,36.13%,- -,- -,- -
matrixxsupps.com,6.6K,77.65%,0.12,- -,6.6K,22.69%,77.65%,0.12,- -
maxgenomicproducts.com,371,- -,- -,- -,371,8.8%,- -,- -,- -
mc-japan.jp,- -,- -,- -,- -
mdfitchallenges.com,-,-,-,-
melalyfe.com,- -,- -,- -,- -
highxhemp.com,2.5K,- -,- -,- -,2.5K,23.02%,- -,- -,- -
hiighlyfaded.com,2.4K,- -,- -,- -,2.4K,123.8%,- -,- -,- -
holisty.mx,1.5K,- -,1.90,00:00:43,1.5K,70.89%,- -,1.90,00:00:43
elementary.paris,11.1K,- -,0.79,00:00:53,11.1K,276.5%,- -,0.79,00:00:53
elevn.uk,238,- -,- -,- -,238,- -,- -,- -
ellapads.com,1.3K,- -,- -,- -,1.3K,178.5%,- -,- -,- -
ellexir.com,2K,- -,- -,- -,2K,30.23%,- -,- -,- -
empirediet.com,12.2K,- -,- -,- -,12.2K,124.8%,- -,- -,- -
empowermind.mx,5.1K,- -,0.58,00:08:17,5.1K,43.03%,- -,0.58,00:08:17
empowermind.store,585,- -,- -,- -,585,20.3%,- -,- -,- -
energybytes.co,5.4K,18.82%,0.46,00:01:24,5.4K,18.58%,18.82%,0.46,00:01:24
bizarrenutrition.com,-,-,-,-
bizarrenutrition.se,3.4K,- -,- -,- -,3.4K,3.47%,- -,- -,- -
blackpearlbeginnings.com,405,- -,- -,- -,405,- -,- -,- -
blackseedoilgummies.com,3.7K,28.67%,0.44,00:00:46,3.7K,39.24%,28.67%,0.44,00:00:46
blankea.es,8.6K,51.96%,1.45,00:01:22,8.6K,86.78%,51.96%,1.45,00:01:22
blaupreworkout.com,1.5K,- -,- -,- -,1.5K,24.3%,- -,- -,- -
homesteadnutrition.co.nz,7.8K,26.54%,0.03,- -,7.8K,61.1%,26.54%,0.03,- -
gosuppy.com,4.5K,- -,- -,- -,4.5K,86.24%,- -,- -,- -
greenwavenutrition.com,-,-,-,-
bonasanahealth.com,7.5K,- -,- -,- -,7.5K,23.72%,- -,- -,- -
boostpatches.com,1.6K,- -,- -,- -,1.6K,36.9%,- -,- -,- -
shopavrg.com,-,-,-,-
shrom.co,353,- -,- -,- -,353,- -,- -,- -
skinbydrsharad.nz,2.2K,- -,- -,- -,2.2K,31.72%,- -,- -,- -
honestsupplements.com,-,-,-,-
hoodiegang.store,1.9K,- -,- -,- -,1.9K,69.03%,- -,- -,- -
hopehealthsupplies.com,478,- -,- -,- -,478,- -,- -,- -
hopehealthsupply.org,1.6K,- -,- -,- -,1.6K,255.2%,- -,- -,- -
gpnutrition.com,10.5K,56.5%,2.73,00:02:02,10.5K,42.06%,56.5%,2.73,00:02:02
drkellyann.com,605.2K,65.98%,2.20,00:01:42,605.2K,6.95%,65.98%,2.20,00:01:42
buyblazeaway.com,2.6K,- -,- -,- -,2.6K,3.36%,- -,- -,- -
buylipoless.com,1.7K,- -,- -,- -,1.7K,- -,- -,- -
buyvibrosculpt.com,-,-,-,-
calienteexpressions.com,2.5K,- -,- -,- -,2.5K,19.38%,- -,- -,- -
callmenahdu.com,4.3K,64.9%,0.24,- -,4.3K,43.45%,64.9%,0.24,- -
calmwater.org,5K,11.64%,0.19,00:00:16,5K,86.63%,11.64%,0.19,00:00:16
spacemilkb.cam,-,-,-,-
liivwellness.com,2.5K,- -,- -,- -,2.5K,51.19%,- -,- -,- -
liltufs.com,-,-,-,-
mealtik.ch,470,- -,- -,- -,470,54.61%,- -,- -,- -
melaninherbs.com,1.8K,- -,- -,- -,1.8K,25.81%,- -,- -,- -
metavancee.com,-,-,-,-
candylicousfitness.co.uk,- -,- -,- -,- -
cannien.com,2.7K,- -,0.16,00:00:23,2.7K,17.89%,- -,0.16,00:00:23
canopyhealthsolutions.com,-,-,-,-
capsulas-compatibles.es,2K,- -,- -,- -,2K,15.49%,- -,- -,- -
carlocarla.co,282,100%,1.00,- -,282,63.38%,100%,1.00,- -
carmacy.co,1.3K,- -,- -,- -,1.3K,21.78%,- -,- -,- -
carnivored.de,- -,- -,- -,- -
drbobmccauley.com,4.9K,31.62%,0.05,- -,4.9K,0.85%,31.62%,0.05,- -
drdavesupplements.com,1.7K,- -,- -,- -,1.7K,34.43%,- -,- -,- -
drhydrate.com.au,3.6K,24%,1.74,00:01:05,3.6K,52.29%,24%,1.74,00:01:05
drstephanies.com,7.4K,25.74%,2.13,00:02:39,7.4K,5.77%,25.74%,2.13,00:02:39
drtamika.com,-,-,-,-
drvonda.com,1.8K,34.7%,0.58,00:00:05,1.8K,31.77%,34.7%,0.58,00:00:05
drwestapproved.com,3.4K,12.41%,4.17,00:02:45,3.4K,10.56%,12.41%,4.17,00:02:45
drwoodsnutrition.com,- -,- -,- -,- -
frontninebox.com,4.7K,- -,- -,- -,4.7K,7.48%,- -,- -,- -
fucolabo.com,- -,- -,- -,- -
full-guard.co.uk,690,- -,- -,- -,690,- -,- -,- -
fullynutrition.com,4K,- -,- -,- -,4K,16.19%,- -,- -,- -
funqi.co,- -,- -,- -,- -
g1nutrition.com,436,- -,- -,- -,436,76.41%,- -,- -,- -
aqualitylifenutrition.com,5.8K,20.99%,2.74,00:02:25,5.8K,48.78%,20.99%,2.74,00:02:25
arborvitamins.com,2.5K,6.08%,0.22,00:00:14,2.5K,283.2%,6.08%,0.22,00:00:14
areteadaptogens.com,7.1K,22.33%,2.00,00:04:30,7.1K,32.26%,22.33%,2.00,00:04:30
balanceforbeauty.com,-,-,-,-
baowow.de,12.1K,79.86%,0.62,00:00:08,12.1K,5.01%,79.86%,0.62,00:00:08
bareathletic.com,2K,- -,- -,- -,2K,22.23%,- -,- -,- -
samvitamin-tech.com,- -,- -,- -,- -
sanaexpert.pt,1.7K,- -,- -,- -,1.7K,59.07%,- -,- -,- -
sanitizerbox.fr,213,- -,- -,- -,213,- -,- -,- -
sanocorner.com,2.9K,- -,- -,- -,2.9K,1.55%,- -,- -,- -
santabarbaranutrients.cn,-,-,-,-
drikhydrate.dk,- -,- -,- -,- -
drinkexcellerate.com,1.5K,- -,- -,- -,1.5K,1578%,- -,- -,- -
aromahoch3.de,2.1K,- -,0.33,00:00:03,2.1K,220.2%,- -,0.33,00:00:03
artachofitness.com,-,-,-,-
artemic.shop,2K,- -,0.44,00:00:03,2K,134.3%,- -,0.44,00:00:03
aseja.co,- -,- -,- -,- -
ashwamag.com,-,-,-,-
drinkjoyshot.com,-,-,-,-
drmmmm.com,2K,- -,- -,- -,2K,- -,- -,- -
drmoss.co.uk,1K,- -,- -,- -,1K,71.8%,- -,- -,- -
dropfx.com,31.4K,38.63%,2.08,00:02:07,31.4K,53.88%,38.63%,2.08,00:02:07
halogains.com,6K,- -,- -,- -,6K,47.85%,- -,- -,- -
genesiscommunity.co,-,-,-,-
genexsupps.com,-,-,-,-
genrewellness.com,- -,- -,- -,- -
gensixek.info,- -,- -,- -,- -
pride.healthcare,1.2K,- -,- -,- -,1.2K,6.08%,- -,- -,- -
prolonb2b.com,1.8K,- -,- -,- -,1.8K,9.67%,- -,- -,- -
puridian.com,- -,- -,- -,- -
mobiusa.com,36.1K,61.56%,0.40,00:01:49,36.1K,21.33%,61.56%,0.40,00:01:49
suppli-hoppe.jp,198,- -,- -,- -,198,74.94%,- -,- -,- -
supplizen.com,- -,- -,- -,- -
suppystore.com,3.2K,- -,- -,- -,3.2K,25.4%,- -,- -,- -
sweal.se,2.6K,- -,- -,- -,2.6K,57.56%,- -,- -,- -
movepreworkout.com,4.8K,11.13%,0.26,00:00:44,4.8K,48.92%,11.13%,0.26,00:00:44
superiornaturalsupplements.com,-,-,-,-
regenavita.com,1.5K,- -,- -,- -,1.5K,- -,- -,- -
regenlabs.com,17.4K,59.91%,0.46,00:01:05,17.4K,14.43%,59.91%,0.46,00:01:05
probio7.at,-,-,-,-
probio7.nl,-,-,-,-
prochaine.co.nz,2.3K,- -,- -,- -,2.3K,45.26%,- -,- -,- -
prolon.ch,6.5K,27.3%,0.07,- -,6.5K,26.41%,27.3%,0.07,- -
prolonreset.com,436,- -,- -,- -,436,83.61%,- -,- -,- -
pronaturalsupplements.com,802,- -,- -,- -,802,- -,- -,- -
ptbyabbey.com,-,-,-,-
qarb.eu,- -,- -,- -,- -
qcjointhealth.com,12.9K,71.31%,0.55,00:01:26,12.9K,3.36%,71.31%,0.55,00:01:26
cidrani.com,10.9K,- -,0.67,00:01:38,10.9K,49.59%,- -,0.67,00:01:38
clutchnutrition.com,16.1K,27.54%,0.32,00:05:41,16.1K,27.71%,27.54%,0.32,00:05:41
rebesana.com,2.4K,53.98%,0.86,00:00:09,2.4K,81.96%,53.98%,0.86,00:00:09
recompnutrition.com,2K,- -,- -,- -,2K,- -,- -,- -
redbargear.top,-,-,-,-
qualityperdollar.org,260,- -,- -,- -,260,- -,- -,- -
quartzmind.co,- -,- -,- -,- -
musclemotive.co,3.9K,- -,- -,- -,3.9K,103.5%,- -,- -,- -
musheemedicinal.com,3.5K,- -,- -,- -,3.5K,73.97%,- -,- -,- -
mushroomsandco.com,13.3K,68.63%,0.18,00:00:14,13.3K,7.12%,68.63%,0.18,00:00:14
mybacs.it,808,77.24%,1.54,00:00:05,808,66.91%,77.24%,1.54,00:00:05
mybsupps.com,6.3K,22.7%,0.06,- -,6.3K,32.12%,22.7%,0.06,- -
mycrophoria.com,2.2K,- -,- -,- -,2.2K,52.91%,- -,- -,- -
myhumehealth.com,8.2K,22.57%,0.14,00:00:07,8.2K,83.06%,22.57%,0.14,00:00:07
commissarysupply.co,-,-,-,-
swish.ngo,5K,- -,0.27,00:03:12,5K,340.9%,- -,0.27,00:03:12
swissrx.co,-,-,-,-
swissrx.net,-,-,-,-
swissrx.org,-,-,-,-
swissrx.pro,-,-,-,-
swissrxlab.com,-,-,-,-
swissrxworld.com,-,-,-,-
symbiome.se,2.4K,- -,- -,- -,2.4K,20.02%,- -,- -,- -
syncnaturals.com,- -,- -,- -,- -
sznsupps.com,7.4K,39.4%,0.30,00:00:10,7.4K,8.21%,39.4%,0.30,00:00:10
purecraftusa.com,-,-,-,-
pureformen.be,- -,- -,- -,- -
pureformen.co.il,-,-,-,-
pureformen.com.hk,-,-,-,-
puresouthernhealth.com,- -,- -,- -,- -
coach-camilla.com,-,-,-,-
coachinguno.com,425,- -,- -,- -,425,60.35%,- -,- -,- -
copioushair.com,1.4K,- -,- -,- -,1.4K,- -,- -,- -
renativlife.com,1.7K,- -,- -,- -,1.7K,53.9%,- -,- -,- -
restorepatch.com,-,-,-,-
retailcomfortclub.com,- -,- -,- -,- -
revelationhealthmail.com,-,-,-,-
revivalshots.be,-,-,-,-
revivalshots.ch,-,-,-,-
revivalshots.fr,417,- -,- -,- -,417,9.45%,- -,- -,- -
cocoxco.com,250,- -,- -,- -,250,50.5%,- -,- -,- -
cognitivefunction.com,10K,- -,0.17,00:00:21,10K,16.6%,- -,0.17,00:00:21
collagenpeptidesplus.com,1.9K,- -,- -,- -,1.9K,- -,- -,- -
corapure.com,1.3K,59.86%,0.60,- -,1.3K,68.09%,59.86%,0.60,- -
verseau.world,1.4K,- -,- -,- -,1.4K,29.69%,- -,- -,- -
verticalnutrients.com,-,-,-,-
vida-supplement.com,3K,- -,0.63,00:00:27,3K,27.06%,- -,0.63,00:00:27
vidafy.com,4.8K,29.26%,0.26,00:00:07,4.8K,3.98%,29.26%,0.26,00:00:07
quickchangecanada.com,3.1K,21.64%,0.14,- -,3.1K,54.66%,21.64%,0.14,- -
wanderingstar.ca,244,- -,7.00,00:01:34,244,49.17%,- -,7.00,00:01:34
coronagym.fr,5.5K,20.71%,0.34,00:00:37,5.5K,13.48%,20.71%,0.34,00:00:37
corvive.com,16.9K,40.47%,2.56,00:01:10,16.9K,210.5%,40.47%,2.56,00:01:10
veziaco.com,2.3K,48.76%,0.16,- -,2.3K,22.45%,48.76%,0.16,- -
viamunoz.com,-,-,-,-
victorisupplements.com,659,- -,- -,- -,659,68.39%,- -,- -,- -
vit-mi.com,2.9K,- -,- -,- -,2.9K,19.07%,- -,- -,- -
vitaflip.co,1.6K,- -,- -,- -,1.6K,20.17%,- -,- -,- -
vitahub.co.nz,5.2K,- -,- -,- -,5.2K,22.41%,- -,- -,- -
vitahub.com.au,1.1K,- -,- -,- -,1.1K,27.55%,- -,- -,- -
vitalitycycles.com,3K,24.41%,0.93,00:00:34,3K,8.86%,24.41%,0.93,00:00:34
vitaminally.com,2.7K,- -,- -,- -,2.7K,21.27%,- -,- -,- -
vitaminscholar.org,-,-,-,-
vitaplena.pr,12.9K,- -,- -,- -,12.9K,0.96%,- -,- -,- -
vitaplenapr.com,-,-,-,-
vitaturm.com,-,-,-,-
vitavate.com,1.2K,- -,- -,- -,1.2K,53.58%,- -,- -,- -
vitgo.co.uk,601,- -,- -,- -,601,169.5%,- -,- -,- -
vitisv.com.au,1.8K,- -,- -,- -,1.8K,475.9%,- -,- -,- -
vitmi.co.uk,3.3K,- -,- -,- -,3.3K,120.3%,- -,- -,- -
vitruvin.com,8.5K,37.43%,1.86,00:03:00,8.5K,51.71%,37.43%,1.86,00:03:00
vivolife.fr,18.3K,75.51%,0.59,00:00:24,18.3K,42.81%,75.51%,0.59,00:00:24
vivz.com,- -,- -,- -,- -
ritualvital.com,7.1K,12.12%,0.12,00:02:38,7.1K,37.97%,12.12%,0.12,00:02:38
cryodukt-shop.com,947,- -,- -,- -,947,17.79%,- -,- -,- -
rocstarzzcoach.com,-,-,-,-
root.health,8.7K,22.42%,0.59,00:17:46,8.7K,340.4%,22.42%,0.59,00:17:46
mymoodfoods.com,3K,- -,- -,- -,3K,414.9%,- -,- -,- -
myotahealth.com,19K,41.98%,0.87,00:00:32,19K,19.43%,41.98%,0.87,00:00:32
olimposupps.com,4.6K,81.78%,0.67,- -,4.6K,7.8%,81.78%,0.67,- -
oma-and-me.com,46.7K,95.72%,1.10,00:00:08,46.7K,429%,95.72%,1.10,00:00:08
omedalamcoaching.com,2.6K,7.94%,0.08,- -,2.6K,99.54%,7.94%,0.08,- -
onebiotic.net,-,-,-,-
onelogy.com,37.4K,58.14%,1.34,00:00:41,37.4K,28.5%,58.14%,1.34,00:00:41
onesunfarm.com,3.8K,- -,- -,- -,3.8K,35.58%,- -,- -,- -
orvancepro.com,1.9K,- -,- -,- -,1.9K,19.79%,- -,- -,- -
ostomyvitals.com,1.6K,- -,- -,- -,1.6K,- -,- -,- -
teamanrstore.com,5.1K,78.44%,0.65,- -,5.1K,18.46%,78.44%,0.65,- -
ten-chi.co,1.8K,- -,- -,- -,1.8K,13.45%,- -,- -,- -
optionsnutrition.com,22.4K,- -,0.09,00:00:05,22.4K,16.52%,- -,0.09,00:00:05
therundamentals.com,- -,- -,- -,- -
the-healthwhisperer.com,7.1K,50.58%,0.54,00:00:13,7.1K,2.52%,50.58%,0.54,00:00:13
thecoachesbasement.com,378,- -,- -,- -,378,- -,- -,- -
thecoloradocandleco.com,1.5K,- -,- -,- -,1.5K,4.97%,- -,- -,- -
theoptimumwellness.com,- -,- -,- -,- -
theprimalco.com,5.3K,- -,- -,- -,5.3K,1346%,- -,- -,- -
thestampedenetwork.com,44.1K,46.94%,2.28,00:01:06,44.1K,213.8%,46.94%,2.28,00:01:06
thefootpatch.com,15.7K,- -,- -,- -,15.7K,-,-,-,-
themusclemafia.com.mx,2.8K,- -,- -,- -,2.8K,10.2%,- -,- -,- -
trainingwithlb.com,1.3K,- -,- -,- -,1.3K,649.1%,- -,- -,- -
trime.cz,4.8K,42.38%,0.92,00:01:47,4.8K,118.8%,42.38%,0.92,00:01:47
trime.hu,599,- -,- -,- -,599,33.71%,- -,- -,- -
trime.sk,2.5K,39.99%,0.14,- -,2.5K,91.97%,39.99%,0.14,- -
thegoodandtrue.com,1.7K,- -,- -,- -,1.7K,18.04%,- -,- -,- -
trybyepain.com,- -,- -,- -,- -
trystym.com,-,-,-,-
tucanholistic.com,11.3K,- -,- -,- -,11.3K,25.5%,- -,- -,- -
tucaninternational.com,- -,- -,- -,- -
tulayoga.ca,2.6K,- -,- -,- -,2.6K,39.13%,- -,- -,- -
tumlove.com,40.2K,16.55%,0.09,00:00:03,40.2K,109.7%,16.55%,0.09,00:00:03
turkesterone.com,44.5K,46.58%,0.21,00:02:15,44.5K,28.71%,46.58%,0.21,00:02:15
twc.health,279K,54.48%,3.84,00:04:09,279K,73.98%,54.48%,3.84,00:04:09
twerkntrapfitness.com,-,-,-,-
twisteddough.shop,16.6K,29.94%,1.21,00:05:09,16.6K,15.65%,29.94%,1.21,00:05:09
twohawkextracts.com,30.3K,41.02%,8.49,00:03:41,30.3K,17.65%,41.02%,8.49,00:03:41
excitemy.com,2.6K,19.86%,0.20,- -,2.6K,1.34%,19.86%,0.20,- -
exphyenergy.com,2.6K,- -,- -,- -,2.6K,56.17%,- -,- -,- -
growplex.co,37.2K,53.22%,2.04,00:02:00,37.2K,287.1%,53.22%,2.04,00:02:00
guasha.fr,1.1K,48.48%,0.21,- -,1.1K,8.31%,48.48%,0.21,- -
guthealingsupplements.com,691,- -,- -,- -,691,80.19%,- -,- -,- -
gymbrolife.com,-,-,-,-
gymcandygummies.com,1.3K,- -,- -,- -,1.3K,70.71%,- -,- -,- -
gymtrail-nutrition.de,- -,- -,- -,- -
gyngyn.fr,11.2K,78.74%,0.41,00:00:58,11.2K,162%,78.74%,0.41,00:00:58
extensia.life,- -,- -,- -,- -
distinctsupplements.com,1.9K,- -,- -,- -,1.9K,575.8%,- -,- -,- -
ezherbal.com,929,72.4%,1.28,00:00:01,929,73.24%,72.4%,1.28,00:00:01
ezherbal4712.com,-,-,-,-
magictreesuperfoods.co.uk,12.5K,26.83%,2.42,00:01:55,12.5K,37.45%,26.83%,2.42,00:01:55
brightboxes.com,36K,35.18%,0.32,00:01:18,36K,40.11%,35.18%,0.32,00:01:18
brittanyjonesrd.com,10.2K,40.8%,0.06,- -,10.2K,0.19%,40.8%,0.06,- -
broadwayjoes.com,1K,- -,- -,- -,1K,28.3%,- -,- -,- -
bruiswatermachine.be,3K,- -,- -,- -,3K,162%,- -,- -,- -
brunomd.eu,-,-,-,-
brunomdbeauty.com,1.3K,- -,- -,- -,1.3K,59.84%,- -,- -,- -
soapsbydryerbuzz.com,-,-,-,-
bubbleb.com,5.3K,43.69%,0.25,- -,5.3K,0.17%,43.69%,0.25,- -
bubbly-contact.com,20.7K,36.86%,0.87,00:00:25,20.7K,13.28%,36.86%,0.87,00:00:25
pakawellness.com,7.9K,16.21%,0.11,00:00:48,7.9K,19.08%,16.21%,0.11,00:00:48
parantaga.com,6.3K,31.07%,0.91,00:01:23,6.3K,28.19%,31.07%,0.91,00:01:23
parkretainers.com,955,- -,- -,- -,955,- -,- -,- -
pavia.mx,14.2K,70.77%,5.01,00:01:04,14.2K,37.49%,70.77%,5.01,00:01:04
marineorganics.co.uk,7.4K,9.79%,0.42,00:10:18,7.4K,58.28%,9.79%,0.42,00:10:18
budsupps.com,1.5K,- -,- -,- -,1.5K,37.39%,- -,- -,- -
solnutrition.co.nz,4.6K,- -,- -,- -,4.6K,7.44%,- -,- -,- -
leadingedgesupps.com,3.3K,- -,- -,- -,3.3K,3.78%,- -,- -,- -
levateyou.com,283.8K,40.56%,3.55,00:02:55,283.8K,11.48%,40.56%,3.55,00:02:55
malla.co,17.9K,89.67%,0.64,00:00:06,17.9K,77.11%,89.67%,0.64,00:00:06
manikylie.co,2.6K,- -,- -,- -,2.6K,21.44%,- -,- -,- -
mannalife.co,1.8K,- -,- -,- -,1.8K,16.57%,- -,- -,- -
manniksskincare.com,-,-,-,-
sowminerals.com,17.7K,33.45%,0.23,00:01:59,17.7K,15.39%,33.45%,0.23,00:01:59
la-boutique-de-la-forme.fr,3.3K,84.73%,0.53,00:00:11,3.3K,21.87%,84.73%,0.53,00:00:11
pcosformularies.com,1.5K,- -,- -,- -,1.5K,336.1%,- -,- -,- -
nicolettelifts.com,10.3K,- -,- -,- -,10.3K,164.4%,- -,- -,- -
nicotinefreeclub.com,3K,- -,15.33,00:35:02,3K,15.41%,- -,15.33,00:35:02
nionhealth.com,9.8K,13.58%,0.26,00:00:39,9.8K,52.5%,13.58%,0.26,00:00:39
nordsupps.com,4.3K,- -,- -,- -,4.3K,109.2%,- -,- -,- -
oitape.com,20.6K,33.01%,0.11,00:00:15,20.6K,18.84%,33.01%,0.11,00:00:15
oitape.info,-,-,-,-
oitape.shop,-,-,-,-
niveus.com,17K,21.47%,0.07,00:01:19,17K,5.65%,21.47%,0.07,00:01:19
nmnsify.co.uk,8.2K,- -,0.25,00:01:10,8.2K,11.55%,- -,0.25,00:01:10
noseslap.com,35K,46.89%,1.76,00:01:19,35K,21.46%,46.89%,1.76,00:01:19
featherwheelchairrental.com,1.1K,42.74%,0.43,- -,1.1K,74.68%,42.74%,0.43,- -
feed4function.com,7.4K,- -,0.27,00:00:03,7.4K,13.31%,- -,0.27,00:00:03
femivitamins.nl,785,- -,- -,- -,785,43.65%,- -,- -,- -
femvie.com,2K,78.42%,0.32,- -,2K,52.73%,78.42%,0.32,- -
fenixactiveltd.com,12.4K,- -,- -,- -,12.4K,1.91%,- -,- -,- -
bayparkhemp.com,-,-,-,-
scriptnutrition.com,7.9K,- -,- -,- -,7.9K,0.39%,- -,- -,- -
hampsteadlabs.com,1.9K,- -,- -,- -,1.9K,181.8%,- -,- -,- -
getflower.gr,1.9K,85.28%,0.55,00:00:04,1.9K,57.88%,85.28%,0.55,00:00:04
getnico.co,1.8K,- -,0.76,00:00:01,1.8K,- -,0.76,00:00:01
getunbalanced.com,-,-,-,-
audenhearing.com,- -,- -,- -,- -
audienaids.com,-,-,-,-
audienhearingaids.com,- -,- -,- -,- -
audimediaservice.com,-,-,-,-
audinhearing.com,-,-,-,-
audioactive.fr,11K,48.65%,0.02,- -,11K,0.46%,48.65%,0.02,- -
aukipharma.com,4.1K,- -,- -,- -,4.1K,37.29%,- -,- -,- -
aus642.top,-,-,-,-
auyunaturals.co,-,-,-,-
mypearlies.co.uk,4.8K,89.61%,0.25,00:00:07,4.8K,7.75%,89.61%,0.25,00:00:07
mysleepstick.com,15.8K,89.25%,0.16,00:00:06,15.8K,16.69%,89.25%,0.16,00:00:06
crismcguire.com,4.6K,- -,- -,- -,4.6K,274%,- -,- -,- -
crooks-hettinger.top,-,-,-,-
curativa.io,1.9K,- -,- -,- -,1.9K,- -,- -,- -
vsl-fiber.co.uk,-,-,-,-
vsl-fiber.com,-,-,-,-
vsl-fibre.co.uk,-,-,-,-
rvefit.com,-,-,-,-
wearecomposed.com,1.2K,- -,2.81,00:01:07,1.2K,14.49%,- -,2.81,00:01:07
wearecur.com,4.1K,- -,- -,- -,4.1K,122.6%,- -,- -,- -
wearefluus.com,21.7K,53.15%,0.71,00:01:20,21.7K,70.92%,53.15%,0.71,00:01:20
wearejerms.com,6.7K,89.84%,0.23,00:00:29,6.7K,0.75%,89.84%,0.23,00:00:29
wearemikra.com,9.4K,46%,0.31,00:00:05,9.4K,13.9%,46%,0.31,00:00:05
weightlosswithannette.com,-,-,-,-
welikewise.com,3.7K,- -,- -,- -,3.7K,100.5%,- -,- -,- -
wellgrovehealth.com.au,12.5K,47.04%,0.03,- -,12.5K,12.05%,47.04%,0.03,- -
wellnessprimal.com,5.4K,- -,- -,- -,5.4K,4.55%,- -,- -,- -
wellnesstreats.co,1.7K,- -,- -,- -,1.7K,54.51%,- -,- -,- -
wellsquared.com,9.9K,- -,- -,- -,9.9K,10.4%,- -,- -,- -
welltaken.com,1.9K,- -,- -,- -,1.9K,37.01%,- -,- -,- -
wesmyle.co.uk,1.3K,- -,- -,- -,1.3K,11.4%,- -,- -,- -
wesmyle.it,-,-,-,-
wesmyle.us,-,-,-,-
